user_id,task_id,turn_id,agent_name,agent_role,agent_task,system_prompt,agent_response,trace,tools_available,tool_calls,parameters_passed,tool_call_results,retrieval_query,retrieved_context,exit_status,agent_exit,ground_truth,expected_tool_call,metadata
user_001,task_001,turn_001,agent_alpha,Software Engineer,Debug code,You are a helpful coding assistant,The code has a syntax error on line 15,analyzed code and found error,file_reader code_analyzer,file_reader call,file main.py,file content loaded,How to fix this bug?,Relevant documentation,completed,success,The bug should be fixed by adding proper error handling,Use error handling tools,priority high
user_002,task_002,turn_001,agent_beta,Data Analyst,Analyze dataset,You are a data analysis expert,The dataset shows a 15% increase in sales,loaded data and calculated metrics,data_loader statistics,data_loader call,file sales.csv,data loaded successfully,What are the key trends?,Sales data from Q1-Q4,completed,success,The analysis should identify key trends,Use statistical analysis tools,confidence high
user_003,task_003,turn_001,agent_gamma,Research Assistant,Find information,You are a research assistant,Found 5 relevant papers on the topic,searched databases and filtered results,search_engine document_reader,search_engine call,query machine learning,search completed,What are recent developments?,Academic papers and articles,completed,success,The research should cover recent developments,Use academic search tools,sources academic
user_004,task_004,turn_001,agent_delta,Customer Support,Resolve ticket,You are a customer support agent,The issue has been resolved by updating the software,diagnosed issue and applied fix,ticket_system diagnostic_tool,ticket_system call,ticket_id 12345,ticket updated,How to fix login issue?,System logs and error codes,completed,success,The login issue should be resolved,Use diagnostic tools,urgency medium
user_005,task_005,turn_001,agent_alpha,Software Engineer,Optimize performance,You are a helpful coding assistant,The algorithm has been optimized for better performance,profiled code and implemented optimizations,profiler optimizer,profiler call,function main_loop,performance data collected,How to improve speed?,Performance metrics and bottlenecks,completed,success,The performance should be improved by 20%,Use optimization tools,target 20% improvement
user_006,task_006,turn_001,agent_beta,Data Analyst,Create visualization,You are a data analysis expert,Generated interactive charts showing the trends,processed data and created charts,chart_generator data_processor,chart_generator call,type line_chart,chart created,What visualization is needed?,Data points and categories,completed,success,The visualization should be clear and informative,Use visualization tools,format interactive
user_007,task_007,turn_001,agent_gamma,Research Assistant,Summarize findings,You are a research assistant,The research indicates significant progress in the field,reviewed papers and synthesized findings,summarizer citation_manager,summarizer call,papers 10 papers,summary generated,What are the main findings?,Research papers and studies,completed,success,The summary should highlight key findings,Use summarization tools,length concise
user_008,task_008,turn_001,agent_delta,Customer Support,Update documentation,You are a customer support agent,The documentation has been updated with the new features,reviewed changes and updated docs,doc_writer version_control,doc_writer call,section features,documentation updated,What needs to be documented?,Feature specifications and changes,completed,success,The documentation should be comprehensive,Use documentation tools,audience users
user_009,task_009,turn_001,agent_alpha,Software Engineer,Write tests,You are a helpful coding assistant,Unit tests have been written for all new functions,analyzed functions and wrote tests,test_generator coverage_tool,test_generator call,module utils,tests generated,What functions need testing?,Function signatures and requirements,completed,success,The tests should have 90% coverage,Use testing tools,coverage 90%
user_010,task_010,turn_001,agent_beta,Data Analyst,Validate data,You are a data analysis expert,Data validation completed with 98% accuracy,checked quality and validated entries,validator quality_checker,validator call,dataset customer_data,validation completed,Is the data reliable?,Data quality metrics and rules,completed,success,The data should be validated for accuracy,Use validation tools,threshold 95% 