user_id,task_id,turn_id,ground_truth,expected_tool_call,agent_name,agent_role,agent_task,system_prompt,agent_response,trace,tools_available,tool_calls,parameters_passed,tool_call_results,retrieval_query,retrieved_context,exit_status,agent_exit,metadata
,eda4fe22-9a2b-4b73-856b-f4f3309bf719,0b19befc-5dc0-4b00-9a8b-5f2f2c914f17,,,agent,agent,What are the latest breakthroughs in artificial intelligence?,You are a helpful customer support agent,,,"[{""name"": ""query_routing"", ""description"": ""Routes queries to appropriate handlers"", ""args_schema"": {}, ""return_schema"": {""type"": ""routing_decision""}}]",[],{},[],,,ok,False,
,0ffffba1-8a37-443c-8866-d53ffbfa7718,30644d2a-5ab1-4a73-b4ff-cf9fa478e36b,,,agent,agent,What's happening in the software development world today?,You are a helpful customer support agent,,,"[{""name"": ""query_routing"", ""description"": ""Routes queries to appropriate handlers"", ""args_schema"": {}, ""return_schema"": {""type"": ""routing_decision""}}]",[],{},[],,,ok,False,
,f1f37bd7-0851-4659-b493-b80d3800d920,89eac2de-b7da-4db3-bf7c-8e87c429481e,,,agent,agent,What are the newest features in cloud computing?,You are a helpful customer support agent,,,"[{""name"": ""query_routing"", ""description"": ""Routes queries to appropriate handlers"", ""args_schema"": {}, ""return_schema"": {""type"": ""routing_decision""}}]",[],{},[],,,ok,False,
,43cdf081-4f01-49cd-b566-dbd1619e6cd2,962afebb-26d1-45ff-acf1-218163cd6bb8,,,agent,agent,What's the current status of cryptocurrency markets?,You are a helpful customer support agent,,,"[{""name"": ""query_routing"", ""description"": ""Routes queries to appropriate handlers"", ""args_schema"": {}, ""return_schema"": {""type"": ""routing_decision""}}]",[],{},[],,,ok,False,
,9a1983f4-09da-4b53-80e6-38de6878e0e7,246cf822-4562-4d3a-8a5a-e38e0a0b02a0,,,agent,agent,What are the latest updates in Python programming?,You are a helpful customer support agent,,,"[{""name"": ""query_routing"", ""description"": ""Routes queries to appropriate handlers"", ""args_schema"": {}, ""return_schema"": {""type"": ""routing_decision""}}]",[],{},[],,,ok,False,
,5d2517e1-220a-429d-9d59-f701bda25eed,20544f91-8828-4a0e-b253-ed1f8b95b205,,,agent,agent,What happened in tech news this week?,You are a helpful customer support agent,,,"[{""name"": ""query_routing"", ""description"": ""Routes queries to appropriate handlers"", ""args_schema"": {}, ""return_schema"": {""type"": ""routing_decision""}}]",[],{},[],,,ok,False,
,52aacb67-c361-4445-9b72-c157f79f47d6,5359c861-c51b-446d-9ad2-b3d8c21ea70f,,,agent,agent,What are the current trends in observability tools?,You are a helpful customer support agent,,,"[{""name"": ""query_routing"", ""description"": ""Routes queries to appropriate handlers"", ""args_schema"": {}, ""return_schema"": {""type"": ""routing_decision""}}]",[],{},[],,,ok,False,
,a81ca3a8-80aa-4c39-876e-8d40ea7a0aef,acf6a99a-39e0-4f87-a07e-3a61213ab032,,,agent,agent,Tell me about recent developments in machine learning,You are a helpful customer support agent,,,"[{""name"": ""query_routing"", ""description"": ""Routes queries to appropriate handlers"", ""args_schema"": {}, ""return_schema"": {""type"": ""routing_decision""}}]",[],{},[],,,ok,False,
,230aad27-f3dd-4968-a45a-3c2f07ac28ed,0b47ea07-1eda-4b6a-a183-ea9ef047e431,,,agent,agent,What's the weather like today?,You are a helpful customer support agent,,,"[{""name"": ""query_routing"", ""description"": ""Routes queries to appropriate handlers"", ""args_schema"": {}, ""return_schema"": {""type"": ""routing_decision""}}]",[],{},[],,,ok,False,
,83c7dcce-3d89-4da1-8b3f-d419885d4cbc,3866ddb3-b17e-47a1-8b3f-bca1e32a2ae4,,,agent,agent,What are the latest AI news today?,You are a helpful customer support agent,,,"[{""name"": ""query_routing"", ""description"": ""Routes queries to appropriate handlers"", ""args_schema"": {}, ""return_schema"": {""type"": ""routing_decision""}}]",[],{},[],,,ok,False,
,2218f641-604c-491a-9710-b51a9941b982,3ce2e35e-4518-43b4-8a76-4413da6832ea,,,agent,agent,What are the benefits of using Noveum Trace?,You are a helpful customer support agent,,,"[{""name"": ""query_routing"", ""description"": ""Routes queries to appropriate handlers"", ""args_schema"": {}, ""return_schema"": {""type"": ""routing_decision""}}]",[],{},[],,,ok,False,
,255fd49c-84b4-4b18-887e-6308a412d535,c0c39e8b-9a42-4c18-8737-9224cd8a45c0,,,agent,agent,How do I configure Noveum for my system?,You are a helpful customer support agent,,,"[{""name"": ""query_routing"", ""description"": ""Routes queries to appropriate handlers"", ""args_schema"": {}, ""return_schema"": {""type"": ""routing_decision""}}]",[],{},[],,,ok,False,
,dc511122-c0b6-415c-9a49-c7b45132dd87,80987c51-ea82-4a41-97c7-ed591082b9bf,,,agent,agent,What monitoring capabilities does Noveum provide?,You are a helpful customer support agent,,,"[{""name"": ""query_routing"", ""description"": ""Routes queries to appropriate handlers"", ""args_schema"": {}, ""return_schema"": {""type"": ""routing_decision""}}]",[],{},[],,,ok,False,
,04bebf38-a343-4563-80db-0154bef8d927,2f89c1e0-9b62-4651-914c-b71cf561c33c,,,agent,agent,How does Noveum handle agent tracing?,You are a helpful customer support agent,,,"[{""name"": ""query_routing"", ""description"": ""Routes queries to appropriate handlers"", ""args_schema"": {}, ""return_schema"": {""type"": ""routing_decision""}}]",[],{},[],,,ok,False,
,5e043630-6493-42b5-beb8-79faa19bfa37,e30e3e61-6edd-4b62-ab77-627faa2bf741,,,agent,agent,What APIs are available in Noveum platform?,You are a helpful customer support agent,,,"[{""name"": ""query_routing"", ""description"": ""Routes queries to appropriate handlers"", ""args_schema"": {}, ""return_schema"": {""type"": ""routing_decision""}}]",[],{},[],,,ok,False,
,7da9814d-a2e8-4c4e-b750-68b26bd5fd22,2f513795-764f-4eb6-8dd2-108d4cdf8432,,,agent,agent,How do I set up observability with Noveum?,You are a helpful customer support agent,,,"[{""name"": ""query_routing"", ""description"": ""Routes queries to appropriate handlers"", ""args_schema"": {}, ""return_schema"": {""type"": ""routing_decision""}}]",[],{},[],,,ok,False,
,16143f74-2831-4753-b33d-ce4b645093c5,29c7a515-2383-4b7d-8fc7-beac3f403641,,,agent,agent,What features does Noveum Trace offer?,You are a helpful customer support agent,,,"[{""name"": ""query_routing"", ""description"": ""Routes queries to appropriate handlers"", ""args_schema"": {}, ""return_schema"": {""type"": ""routing_decision""}}]",[],{},[],,,ok,False,
,fc64e6cc-6739-4256-ac4a-7b80c3028233,12fee687-2a2e-401f-83c2-9c8dc7ecd853,,,agent,agent,What are Noveum's pricing plans?,You are a helpful customer support agent,,,"[{""name"": ""query_routing"", ""description"": ""Routes queries to appropriate handlers"", ""args_schema"": {}, ""return_schema"": {""type"": ""routing_decision""}}]",[],{},[],,,ok,False,
,b7945c49-f584-4c70-972d-536a805d8a31,9c5aec32-b6eb-4c42-93d5-3970fb118c00,,,agent,agent,How do I integrate Noveum Trace in my application?,You are a helpful customer support agent,,,"[{""name"": ""query_routing"", ""description"": ""Routes queries to appropriate handlers"", ""args_schema"": {}, ""return_schema"": {""type"": ""routing_decision""}}]",[],{},[],,,ok,False,
,f5c40ecf-36c0-45ba-9cc9-dc0329b0324b,f132d053-f82c-4e66-adf4-bd7ce68b660d,,,agent,agent,What is Noveum and what does it do?,You are a helpful customer support agent,,,"[{""name"": ""query_routing"", ""description"": ""Routes queries to appropriate handlers"", ""args_schema"": {}, ""return_schema"": {""type"": ""routing_decision""}}]",[],{},[],,,ok,False,
